{
  "project_info": {
    "project_number": "1065342622699",
    "project_id": "carlokfirebase",
    "storage_bucket": "carlokfirebase.appspot.com"
  },
  "client": [
    {
      "client_info": {
        "mobilesdk_app_id": "1:1065342622699:android:bd507e0b1c447dc70157ae",
        "android_client_info": {
          "package_name": "com.example.carlok"
        }
      },
      "oauth_client": [
        {
          "client_id": "1065342622699-mch5ql1f2c8i541gbofo4opjppj1mvr0.apps.googleusercontent.com",
          "client_type": 3
        }
      ],
      "api_key": [
        {
          "current_key": "AIzaSyBh08FmyhCv8s9qVtQeZJs3Khb4-xZHr0Q"
        }
      ],
      "services": {
        "appinvite_service": {
          "other_platform_oauth_client": [
            {
              "client_id": "1065342622699-mch5ql1f2c8i541gbofo4opjppj1mvr0.apps.googleusercontent.com",
              "client_type": 3
            }
          ]
        }
      }
    }
  ],
  "configuration_version": "1"
}